{
    "CAM_FRONT": {
        "camera_intrinsic": [
            [
                1266.417203046554,
                0.0,
                816.2670197447984
            ],
            [
                0.0,
                1266.417203046554,
                491.50706579294757
            ],
            [
                0.0,
                0.0,
                1.0
            ]
        ],
        "img_size": [
            900,
            1600,
            3
        ]
    },
    "CAM_FRONT_RIGHT": {
        "camera_intrinsic": [
            [
                1260.8474446004698,
                0.0,
                807.968244525554
            ],
            [
                0.0,
                1260.8474446004698,
                495.3344268742088
            ],
            [
                0.0,
                0.0,
                1.0
            ]
        ],
        "img_size": [
            900,
            1600,
            3
        ]
    },
    "CAM_FRONT_LEFT": {
        "camera_intrinsic": [
            [
                1272.5979470598488,
                0.0,
                826.6154927353808
            ],
            [
                0.0,
                1272.5979470598488,
                479.75165386361925
            ],
            [
                0.0,
                0.0,
                1.0
            ]
        ],
        "img_size": [
            900,
            1600,
            3
        ]
    },
    "CAM_BACK": {
        "camera_intrinsic": [
            [
                809.2209905677063,
                0.0,
                829.2196003259838
            ],
            [
                0.0,
                809.2209905677063,
                481.77842384512485
            ],
            [
                0.0,
                0.0,
                1.0
            ]
        ],
        "img_size": [
            900,
            1600,
            3
        ]
    },
    "CAM_BACK_LEFT": {
        "camera_intrinsic": [
            [
                1256.7414812095406,
                0.0,
                792.1125740759628
            ],
            [
                0.0,
                1256.7414812095406,
                492.7757465151356
            ],
            [
                0.0,
                0.0,
                1.0
            ]
        ],
        "img_size": [
            900,
            1600,
            3
        ]
    },
    "CAM_BACK_RIGHT": {
        "camera_intrinsic": [
            [
                1259.5137405846733,
                0.0,
                807.2529053838625
            ],
            [
                0.0,
                1259.5137405846733,
                501.19579884916527
            ],
            [
                0.0,
                0.0,
                1.0
            ]
        ],
        "img_size": [
            900,
            1600,
            3
        ]
    }
}