{
    "C1_front60Single": {
        "roll_pitch_yaw": [
            1.6242992877960205,
            2.82977557182312,
            2.152301788330078
        ],
        "t": [
            1.8162150382995605,
            0.22106018662452698,
            1.5156701803207397
        ],
        "cx": 846.863159,
        "cy": 670.665466,
        "height": 1208,
        "width": 1920,
        "float_bw": [
            0.0,
            0.000536573003046215,
            1.28669519483537e-08,
            -1.43870852731265e-11,
            3.0433934028912e-15
        ]
    },
    "C2_tricam60": {
        "roll_pitch_yaw": [
            -1.6490494012832642,
            2.6054768562316895,
            -6.683704853057861
        ],
        "t": [
            1.8079301118850708,
            -0.11663810908794403,
            1.3619836568832397
        ],
        "cx": 1187.267212,
        "cy": 632.114624,
        "height": 1208,
        "width": 1920,
        "float_bw": [
            0.0,
            0.000523887400049716,
            1.66137912316344e-08,
            -1.99454064375715e-11,
            5.95665205189804e-15
        ]
    },
    "C3_tricam120": {
        "roll_pitch_yaw": [
            -0.9133061170578003,
            2.4831130504608154,
            -1.8482834100723267
        ],
        "t": [
            1.861230731010437,
            -0.1507432460784912,
            1.334177851676941
        ],
        "cx": 978.875977,
        "cy": 650.693054,
        "height": 1208,
        "width": 1920,
        "float_bw": [
            0.0,
            0.000993517111055553,
            2.95499571478786e-08,
            5.46820297375739e-11,
            2.24383961694582e-15
        ]
    },
    "C4_rearCam": {
        "roll_pitch_yaw": [
            1.358793020248413,
            4.126693248748779,
            178.9436798095703
        ],
        "t": [
            -0.4690086543560028,
            -0.0023030750453472137,
            1.509656310081482
        ],
        "cx": 962.005554,
        "cy": 643.866516,
        "height": 1208,
        "width": 1920,
        "float_bw": [
            0.0,
            0.00102833390701562,
            4.86667310894973e-08,
            -6.82437266419367e-12,
            3.32446777626203e-14
        ]
    },
    "C5_R1": {
        "roll_pitch_yaw": [
            2.778383255004883,
            -1.005295991897583,
            -131.37277221679688
        ],
        "t": [
            1.933815360069275,
            -0.9714699983596802,
            1.1585912704467773
        ],
        "cx": 965.822693,
        "cy": 649.506042,
        "height": 1208,
        "width": 1920,
        "float_bw": [
            0.0,
            0.00103636074345559,
            3.63584611307033e-08,
            1.13099547088824e-11,
            2.30410952632969e-14
        ]
    },
    "C6_L1": {
        "roll_pitch_yaw": [
            -0.9759495258331299,
            -2.254568099975586,
            118.80310821533203
        ],
        "t": [
            1.9836058616638184,
            0.9560248851776123,
            1.1705995798110962
        ],
        "cx": 977.374146,
        "cy": 644.835571,
        "height": 1208,
        "width": 1920,
        "float_bw": [
            0.0,
            0.00102303246967494,
            1.99755412211289e-08,
            3.11186423851417e-11,
            1.85790188707855e-14
        ]
    },
    "C7_L2": {
        "roll_pitch_yaw": [
            -0.14995139837265015,
            0.4855831265449524,
            48.862159729003906
        ],
        "t": [
            2.072967767715454,
            0.9314326643943787,
            1.173095703125
        ],
        "cx": 962.198303,
        "cy": 639.769714,
        "height": 1208,
        "width": 1920,
        "float_bw": [
            0.0,
            0.00104226230178028,
            1.59883324357679e-08,
            2.99666888525785e-11,
            1.63388437301277e-14
        ]
    },
    "C8_R2": {
        "roll_pitch_yaw": [
            0.7062729597091675,
            0.7412315607070923,
            -62.41389465332031
        ],
        "t": [
            2.0149471759796143,
            -0.9161531925201416,
            1.171521544456482
        ],
        "cx": 976.518311,
        "cy": 654.035461,
        "height": 1208,
        "width": 1920,
        "float_bw": [
            0.0,
            0.00103239668533206,
            2.80923799778066e-08,
            -7.45345798969232e-12,
            3.71183728827169e-14
        ]
    }
}